t_sec,hit_ratio_pct
5.0,15.178714537586153
11.4,22.708789490147012
16.4,25.754884547069274
21.5,25.029325513196483
26.5,20.282849982098103
31.5,32.49211356466877
36.6,22.198007471980073
41.6,23.05593451568895
46.6,24.65175953079179
51.7,33.58302122347066
56.7,32.84522706209454
61.7,35.57478368355995
66.7,30.476190476190478
73.0,30.914645789574184
78.5,36.29545083971955
83.5,41.0204790003471
88.5,33.82467028704422
93.5,45.78651685393258
98.6,43.8321957715998
103.6,26.790450928381965
109.1,33.06334371754932
114.1,29.04590318032273
119.2,37.509701740769486
124.2,39.2204042348412
129.3,45.91393604421635
135.5,40.71179111924164
140.5,36.56122229395309
146.9,30.75919077659343
151.9,37.29096989966555
157.0,44.38728642292853
162.1,36.47087144920558
167.1,40.57903338781228
172.2,43.51179673321234
177.2,29.416553595658073
182.3,56.42611683848797
187.3,24.471474080509704
192.6,33.765896703867114
199.1,39.79037915483548
204.1,40.41372351160444
209.1,40.5189620758483
214.2,48.01143129316504
219.2,40.55429864253394
224.3,19.48464525238263
229.4,52.21297107800176
234.5,52.84274193548387
239.5,51.118989585641486
244.5,38.917614615649775
249.6,52.58362989323844
254.6,54.34179882444272
260.8,50.41095890410959
265.9,29.791740204729965
270.9,57.49202975557917
276.0,50.91449474165523
281.1,23.07118896757361
286.2,31.322674418604652
291.4,40.24110218140069
296.4,21.963824289405682
301.5,27.84887263863498
306.5,40.11567270313833
311.5,47.3789816904941
316.6,44.79942100909843
323.1,52.071750066190106
328.2,44.11134903640257
333.3,49.02852418354692
338.4,35.874439461883405
343.5,40.105740181268885
348.6,42.00848656294201
353.7,27.020991514068783
358.8,45.12855209742896
363.9,54.99153976311336
369.0,47.3908762717427
374.1,39.05415713196034
379.1,41.868852459016395
385.6,37.83529411764706
390.9,6.8584070796460175
396.2,40.847201210287444
401.6,37.833827893175076
409.0,19.319727891156464
414.1,42.278187870893035
419.2,32.21641561635413
424.2,34.87293637544055
429.2,36.438035853468435
434.3,48.53711790393013
439.4,37.23021582733813
444.6,37.33113673805602
451.0,72.75381552753815
456.1,74.61322081575246
461.1,70.25927808845958
466.3,74.8107653490328
471.4,78.85416666666667
476.5,61.35953026196928
481.6,70.5414364640884
486.6,76.46882043576258
491.7,65.03712871287128
496.8,49.24821946715906
501.8,44.803982576229
506.9,48.8169703562687
515.8,39.92673992673993
520.9,35.21294845975983
525.9,49.16973000380276
530.9,28.48493797991731
536.0,35.44464149987332
541.1,37.53894080996885
546.1,55.58008339465294
551.1,37.1900826446281
556.2,44.260355029585796
561.2,32.81466113416321
566.3,51.8840579710145
571.6,41.23803827751196
578.0,30.633200228180264
583.1,40.27646874018222
588.2,26.336173508907823
593.2,43.070936845255915
599.1,31.79468242245199
604.1,35.909800991645724
609.1,38.4107691302359
614.2,38.94892672094745
619.3,27.951153324287652
624.4,31.979495268138802
629.4,51.254752851711025
634.6,54.47935601142561
641.0,29.700524853349798
646.1,26.42829382044306
651.1,47.4179829890644
656.2,47.53015508328547
661.3,37.30898248229594
666.4,26.75653594771242
671.4,25.256410256410255
676.5,45.5609756097561
681.6,36.92493946731235
686.7,30.663329161451813
691.7,30.52147239263804
697.0,41.013215859030836
703.5,44.84165934803947
708.6,41.232284410281046
713.6,29.100021326508852
718.8,32.93768545994065
723.8,33.409312927385216
728.9,50.92592592592593
733.9,36.6784730421094
739.0,37.39897134459956
744.0,38.71886120996441
749.1,41.35338345864661
754.2,42.03400503778337
759.4,40.931223371880705
765.8,30.46852543834435
770.9,44.31006047278724
775.9,37.70648030495553
781.0,40.74313408723748
786.1,42.87103046014258
793.9,33.85871094849423
798.9,49.10892216591699
804.0,38.681402439024396
809.0,46.56111145878966
814.0,39.43498900081047
819.0,49.233750220186714
824.3,57.32323232323232
830.7,58.04129569994318
835.8,48.47628023876846
840.8,21.224284997491218
846.0,58.091908091908095
851.1,45.423956931359356
856.2,52.498810090433125
861.4,24.295010845986983
866.4,51.48849797023004
871.5,27.767936226749335
876.6,61.26268320180384
881.7,37.600969305331176
886.9,26.673180263800685
893.7,49.40175485243286
898.8,46.74932975871314
903.8,34.49325793823401
908.9,34.76227591582229
916.1,40.07398273736128
921.1,40.52012825080157
926.1,41.359974727531196
931.2,44.86542823861198
936.2,44.394520547945206
941.3,49.53003677973028
946.3,47.752192982456144
951.6,42.51065224516552
958.1,46.29834254143647
963.2,49.8062015503876
968.2,45.56191839656407
973.3,35.857988165680474
978.3,37.94624949859607
983.4,49.43310657596372
988.6,45.44354838709677
993.6,35.21235521235521
998.8,47.31029568934806
1003.9,40.41745730550284
1009.0,45.14896867838044
1014.4,32.5360824742268
1021.4,32.6829268292683
1026.4,30.589381393083293
1033.9,36.02264685067233
1038.9,43.06198266310369
1044.0,35.06238719296869
1049.0,26.98639341508483
1054.0,45.93686513517737
1059.2,45.44414246888857
1064.2,52.622984282506636
1069.3,48.42335310646269
1074.4,52.68319259057478
1079.5,48.07063440156965
1086.5,46.6389826109525
1091.6,42.51857092324018
1096.7,38.059701492537314
1101.8,51.92736540299458
1106.9,58.86620096722193
1112.2,40.74074074074074
1117.5,43.31983805668016
1122.6,46.39556377079482
1127.7,37.27272727272727
1132.8,44.20493595751328
1138.2,34.35285341290563
1143.2,40.490124359912215
1149.7,43.59612724757953
1154.9,41.47482014388489
1161.7,41.53522607781283
1166.8,39.218894500960374
1171.8,36.14228647517596
1176.9,61.0204081632653
1181.9,63.91141507897736
1187.0,71.3961407491487
1192.0,53.42947590573338
1197.1,54.491462509279884
1202.2,51.065989847715734
1207.3,43.67854741089442
1213.7,37.10949826443673
1218.7,39.83676642052079
1224.0,33.37856173677069
1229.0,35.56085918854415
1234.1,35.60606060606061
1239.3,25.47085201793722
1244.5,58.74921036007581
1249.6,30.434782608695656
1254.7,48.803827751196174
1259.7,45.982142857142854
1265.0,49.930986887508624
1270.1,30.336058128973658
1277.0,46.2947543713572
1282.4,44.513137557959816
1287.6,40.07042253521127
1292.7,49.27007299270073
1297.7,48.5023457235655
1302.8,39.02439024390244
1307.9,39.387837293596455
1312.9,55.02942000560381
1318.0,39.501363459291
1323.0,27.708592777085926
1328.1,39.09830007390983
1333.1,32.9882386083527
1339.8,41.2249650675361
1344.9,44.81343283582089
1349.9,49.85343855693348
1355.0,41.36510738452486
1360.0,45.28112449799197
1365.1,37.72482014388489
1370.2,43.70672097759674
1375.2,46.925083861349236
1380.3,36.46477132262052
1385.4,27.35632183908046
1390.9,45.41245791245791
1396.1,40.96267190569745
1403.8,30.34188034188034
1408.9,38.96241397564849
1414.0,37.78256189451022
1419.2,47.74889029803424
1424.3,20.288858321870702
1429.4,30.544177881802227
1434.6,44.346387203530064
1439.6,44.45026178010471
1444.7,17.884130982367758
1449.8,28.939484721390052
1455.3,55.54226475279107
1460.5,38.14252336448598
1468.2,40.03044140030441
1473.5,50.4169339320077
1478.6,24.267782426778243
1483.6,3.5398230088495577
1490.3,
1495.4,
1500.4,